{
  "generatedAt": "2025-10-10T02:56:25.086Z",
  "totalDocs": 92,
  "byCategory": {
    "feature": 45,
    "reference": 11,
    "investigation": 4,
    "planning": 22,
    "architecture": 10
  },
  "discoverabilityRate": 0.967391304347826,
  "whenToReadRate": 1,
  "timelyRate": 1,
  "focusedRate": 1,
  "codeExampleRate": 0.8260869565217391,
  "visualAidRate": 0.532608695652174
}